neighborhood_name,Main_Style,FID,Shem_Yishu,socio_Eshk,TimToAzr,TimToMet,TimToOld,TimToNew,IsSea,IsPrk,PopDns,BldCov,MixUse,Wlkble,Culdsc,Pub_stl,Opn_stl,ComStl,PrkStl,Is_Tree,Avg_mesh_4,LOG_4_Room_Price,Mean_Price_Percentile
'רובע ז,H,177,אשדוד,2,63,63,7,9,0,0,27.4711,0.19927,0.144468,5316.630733,2,מרכזי,מפוזר,מרכז מסחרי,בקומת הקרקע/ ברחוב,1,1187026.1,6.07446,5.5
נאות אביבים וסביבתה,H,112,תל אביב -יפו,18,18,18,14,13,0,0,15.9709,0.154797,0.223226,4513.821258,2,מפוזר,מפוזר,מרכז מסחרי,בקומת הקרקע/ ברחוב,1,2788458.8,6.445364,17.8
נאות אפקה ב,H,114,תל אביב -יפו,17,18,18,14,8,0,0,15.4506,0.186913,0.174613,8909.165024,1,מפוזר,מפוזר,מרכז מסחרי,בקומת הקרקע/ ברחוב,1,2167559,6.335971,16.4
נאות שושנים,H,13,חולון,11,30,30,8,14,0,0,21.3741,0.249876,0.112636,6043.527042,3,מפוזר,מרכזי,חזית מסחרית,בקומת הקרקע/ ברחוב,0,1451658.1,6.161864,8.2
נוה אמירים,H,34,הרצלייה,17,28,28,5,10,0,0,11.229,0.226266,0.166106,4784.890606,2,מפוזר,מפוזר,מרכז מסחרי,בקומת הקרקע/ ברחוב,0,2196985.5,6.341827,14
קדמת ראשון,H,71,ראשון לציון,11,36,36,9,14,0,0,21.9679,0.158564,0.098524,16432.45685,1,מרכזי,מפוזר,ללא,בקומת הקרקע/ ברחוב,1,1522738.1,6.182625,6.75
קרית בן גוריון,H,16,חולון,12,37,37,7,4,0,0,21.8363,0.183896,0.098507,4736.217252,2,מרכזי,מרכזי,קניון,בקומת הקרקע/ ברחוב,1,1355706.5,6.132166,7.6
קרית ראשון,H,75,ראשון לציון,12,36,36,9,7,0,1,7.74054,0.091109,0.259675,7589.919686,3,מפוזר,מרכזי,ללא,בקומת הקרקע/ ברחוב,0,1444048.5,6.159582,11
רביבים,H,77,ראשון לציון,10,36,36,8,15,0,0,12.6879,0.17613,0.09485,7343.369191,2,מרכזי,מרכזי,ללא,בקומת הקרקע/ ברחוב,1,1383188.8,6.140881,9
רמת_אביב_ג,H,144,תל אביב -יפו,18,17,17,15,13,0,0,12.6214,0.135189,0.349887,7520.081467,2,מפוזר,מפוזר,מרכז מסחרי,בקומת הקרקע/ ברחוב,1,2898967,6.462243,18.833333
תכנית ל,H,146,תל אביב -יפו,17,17,17,15,13,0,0,11.605,0.105458,0.469746,7093.640887,2,מרכזי,מרכזי,מרכז מסחרי,בקומת הקרקע/ ברחוב,1,2509204.8,6.399536,17
מישור הנוף וקרית שמח,H,60,ראשון לציון,14,41,41,5,13,0,0,11.3666,0.169664,0.061937,8008.356815,2,מפוזר,מפוזר,מרכז מסחרי,פרטית/ ברחוב,1,1386426.5,6.141897,11.4
'רובע ד,H,174,אשדוד,10,62,62,2,5,1,0,16.452,0.153388,0.152537,4817.898654,2,מפוזר,מפוזר,מרכז מסחרי,ציבורית/ ברחוב,1,1032165.5,6.013749,7.25
'רובע ח,H,178,אשדוד,5,69,69,7,5,0,0,20.8196,0.14644,0.106346,6358.363683,3,מרכזי,מרכזי,מרכז מסחרי,ציבורית/ ברחוב,1,985320.56,5.993578,3.166667
'שכונה ט,H,155,באר שבע,12,94,8,6,9,0,0,10.9899,0.138814,0.172616,9875.908361,2,מפוזר,מפוזר,מרכז מסחרי,ציבורית/ ברחוב,0,733836.8,5.865599,2
יפו ד (גבעת התמרים),H,102,תל אביב -יפו,8,26,26,16,18,0,0,17.0091,0.175956,0.08321,5805.695435,2,מרכזי,מרכזי,מרכז מסחרי,ציבורית/ ברחוב,0,963758.2,5.983968,4.666667
לבנה ידידיה פארק דרום,H,108,תל אביב -יפו,9,20,20,14,16,0,0,11.7603,0.172053,0.060006,3215.636365,3,מפוזר,מפוזר,ללא,ציבורית/ ברחוב,1,1229442.1,6.089708,5.25
נאות אפקה א,H,113,תל אביב -יפו,18,16,16,15,8,0,0,8.48495,0.20725,0.87114,9723.411363,1,מרכזי,מרכזי,ללא,ציבורית/ ברחוב,1,2390766,6.378537,17
נאות יהודית,H,9,חולון,10,29,29,9,16,0,0,25.3399,0.155014,0.061395,34572.42213,3,מרכזי,מרכזי,מרכז מסחרי,ציבורית/ ברחוב,1,1248150.9,6.096267,7
נאות רחל,H,12,חולון,10,33,33,3,12,0,0,25.9927,0.229387,0.236878,5950.856709,3,מרכזי,מרכזי,חזית מסחרית,ציבורית/ ברחוב,1,1261595.4,6.10092,7.5
נוה חן,H,118,תל אביב -יפו,10,18,18,13,17,0,0,20.0934,0.192869,0.136835,6901.267145,3,מפוזר,מפוזר,מרכז מסחרי,ציבורית/ ברחוב,1,1189350.2,6.07531,6.25
נוה עופר יפו ב,H,119,תל אביב -יפו,7,19,19,13,17,0,0,8.2637,0.158472,0.130479,6618.241702,2,מפוזר,מפוזר,ללא,ציבורית/ ברחוב,0,967346.2,5.985582,4
ניר אביב,H,125,תל אביב -יפו,12,19,19,15,19,0,0,23.8722,0.190879,0.06477,12069.93995,3,מפוזר,מפוזר,ללא,ציבורית/ ברחוב,0,1264162.5,6.101803,7.5
'רובע טו,בנה ביתך,180,אשדוד,14,67,67,8,7,1,0,8.45537,0.143047,0.100828,6836.389608,2,מרכזי,מרכזי,ללא,פרטית/ ברחוב,1,1299527.1,6.113785,10.6
בנות חייל,בנה ביתך,55,ראשון לציון,15,37,37,7,10,0,1,3.00895,0.106568,0.180966,10643.12891,1,מרכזי,מרכזי,מרכז מסחרי,פרטית/ ברחוב,1,1948464.8,6.289693,15.25
מכבים,בנה ביתך,50,מודיעין-מכבים-רעות*,18,52,52,8,15,0,0,2.36175,0.116856,0.638804,3720.778615,3,מרכזי,מפוזר,מרכז מסחרי,פרטית/ ברחוב,1,0,#NULL!,13.25
נאות לון,בנה ביתך,160,באר שבע,13,92,13,8,11,0,0,4.08336,0.172155,0.092425,4333.578849,3,מרכזי,מרכזי,ללא,פרטית/ ברחוב,1,0,#NULL!,4.5
נוה מנחם,בנה ביתך,162,באר שבע,11,90,11,9,12,0,0,6.50815,0.148922,0.051007,7222.287581,1,מפוזר,מפוזר,מרכז מסחרי,פרטית/ ברחוב,1,780972.8,5.892636,2.25
נווה דקלים,בנה ביתך,64,ראשון לציון,14,38,38,12,4,0,1,4.53444,0.150688,0.079979,5038.558692,2,מפוזר,מרכזי,מרכז מסחרי,פרטית/ ברחוב,1,0,#NULL!,14.333333
נווה הלל,בנה ביתך,66,ראשון לציון,14,44,44,6,10,0,0,15.5223,0.219162,0.110971,4745.761515,1,מפוזר,מפוזר,ללא,פרטית/ ברחוב,1,1409601.6,6.149096,11.166667
נווה ים,בנה ביתך,68,ראשון לציון,14,40,40,10,5,0,1,9.95091,0.187969,0.132987,7156.193439,1,מפוזר,מפוזר,מרכז מסחרי,פרטית/ ברחוב,1,1739184.1,6.240346,12.333333
רמות,בנה ביתך,165,באר שבע,13,87,10,8,10,0,0,6.45271,0.152361,0.089925,5704.11167,2,מרכזי,מרכזי,מרכז מסחרי,פרטית/ ברחוב,1,928351.5,5.967712,2.857143
רעות,בנה ביתך,53,מודיעין-מכבים-רעות*,17,58,58,13,20,0,0,3.94293,0.170433,0.153075,4628.946556,3,מרכזי,מרכזי,מרכז מסחרי,פרטית/ ברחוב,1,0,#NULL!,14.666667
"שיכון דרום, צמרות",בנה ביתך,41,הרצלייה,19,27,27,7,12,0,0,9.68884,0.177776,0.311644,5081.016632,1,מפוזר,מפוזר,קניון,פרטית/ ברחוב,0,3034670,6.482111,16.571429
שיכון עממי,שיכון,24,חולון,11,25,25,4,13,0,0,20.8508,0.204565,0.260008,15798.32135,2,מפוזר,מפוזר,חזית מסחרית,בקומת הקרקע/ ברחוב,0,1314699.2,6.118826,7
ויצמן,שיכון,32,הרצלייה,12,27,27,6,7,0,0,6.10392,0.119226,0.311127,3776.175988,2,מפוזר,מפוזר,ללא,ברחוב,0,1361079.5,6.133883,10
יד אליהו,שיכון,100,תל אביב -יפו,10,10,10,10,12,0,0,10.7189,0.209482,0.813992,11638.11471,1,מפוזר,מפוזר,חזית מסחרית,ברחוב,1,1157492.9,6.063518,5.428571
רמת אליהו,שיכון,80,ראשון לציון,6,46,46,10,7,0,1,9.73469,0.200661,0.253991,5261.268474,2,מפוזר,מפוזר,מרכז מסחרי,ברחוב,1,917537.3,5.962624,4.111111
'רובע א,שיכון,171,אשדוד,8,63,63,3,7,1,0,11.7701,0.162127,0.255484,4963.851084,3,מפוזר,מפוזר,חזית מסחרית,ציבורית/ ברחוב,1,936509.4,5.971512,4.444444
'רובע ב,שיכון,172,אשדוד,6,61,61,4,7,0,1,9.80456,0.141646,0.209547,5752.609872,3,מפוזר,מרכזי,מרכז מסחרי,ציבורית/ ברחוב,0,754190.94,5.877481,2.25
'רובע ג,שיכון,173,אשדוד,4,60,60,6,7,0,1,22.2749,0.152611,0.514346,5512.330237,2,מפוזר,מפוזר,מרכז מסחרי,ציבורית/ ברחוב,0,895657.2,5.952142,2.8
'רובע ו,שיכון,176,אשדוד,6,61,61,7,7,0,1,15.5661,0.149151,0.103237,5674.46258,2,מפוזר,מפוזר,מרכז מסחרי,ציבורית/ ברחוב,1,724884,5.860269,3.166667
'שכונה ב,שיכון,150,באר שבע,10,93,4,5,7,0,0,7.35775,0.15622,0.165686,7317.570412,3,מרכזי,מרכזי,ללא,ציבורית/ ברחוב,0,769720.3,5.886333,2.571429
'שכונה ד,שיכון,152,באר שבע,7,90,6,6,7,0,0,9.19807,0.190459,0.251754,6813.403793,3,מרכזי,מרכזי,מרכז מסחרי,ציבורית/ ברחוב,0,568569.9,5.754784,1
'שכונה ה,שיכון,153,באר שבע,9,93,9,7,9,0,0,11.9193,0.194154,0.104801,6330.338349,2,מרכזי,מרכזי,מרכז מסחרי,ציבורית/ ברחוב,0,541613.44,5.733689,1.333333
'שכונה ו,שיכון,154,באר שבע,10,92,8,8,11,0,0,11.1088,0.159699,0.139561,4970.164116,3,מפוזר,מפוזר,קניון,ציבורית/ ברחוב,1,623356.75,5.794737,1.555556
יפו ג נוה גולן,שיכון,101,תל אביב -יפו,6,27,27,15,18,1,0,14.8466,0.164853,0.058855,5695.278122,3,מפוזר,מפוזר,ללא,ציבורית/ ברחוב,0,894009.2,5.951342,3.666667
כפיר,שיכון,105,תל אביב -יפו,8,19,19,15,16,0,0,11.8415,0.164045,0.109347,11061.00612,2,מרכזי,מרכזי,ללא,ציבורית/ ברחוב,1,1671698,6.223158,11.666667
מכללת יפו תל אביב ודקר,שיכון,110,תל אביב -יפו,8,19,19,14,18,0,0,9.18847,0.166098,0.233123,9709.81504,3,מפוזר,מפוזר,חזית מסחרית,ציבורית/ ברחוב,0,1026952.2,6.01155,4.166667
מקס וג'סי כהן,שיכון,10,חולון,8,37,37,9,8,0,0,13.656,0.17657,0.116575,4978.086595,2,מפוזר,מפוזר,מרכז מסחרי,ציבורית/ ברחוב,0,1095021.8,6.039423,5
נוה אליעזר כפר שלם מזרח,שיכון,115,תל אביב -יפו,10,16,16,14,18,0,0,19.9516,0.199794,0.068767,7797.186851,2,מפוזר,מפוזר,מרכז מסחרי,ציבורית/ ברחוב,1,1333924.4,6.125131,6.25
נווה שרת,שיכון,122,תל אביב -יפו,12,21,21,18,4,0,0,18.6563,0.176335,0.139976,8410.746862,3,מפוזר,מרכזי,ללא,ציבורית/ ברחוב,1,1621881,6.210019,12.25
צהלון ושיכוני חסכון,שיכון,134,תל אביב -יפו,8,24,24,14,20,0,0,10.0266,0.223538,0.199356,10007.70858,2,מפוזר,מפוזר,חזית מסחרית,ציבורית/ ברחוב,0,1278932.5,6.106848,5.5
שביב,שיכון,39,הרצלייה,10,37,37,6,13,0,0,14.2276,0.198151,0.264118,10571.32609,2,מפוזר,מפוזר,ללא,ציבורית/ ברחוב,0,951253.9,5.978296,4.333333
שכונה ד' מזרח,שיכון,168,באר שבע,8,88,7,5,8,0,0,8.15608,0.16966,0.213182,6588.07812,3,מרכזי,מרכזי,ללא,ציבורית/ ברחוב,1,640711.3,5.806662,1.666667
שכונה יא' מזרח,שיכון,169,באר שבע,8,90,12,8,11,0,0,13.8673,0.128493,0.107815,7992.374163,3,מפוזר,מפוזר,ללא,ציבורית/ ברחוב,1,488987.44,5.689298,1
פלורנטין,יציאה מהחומות,132,תל אביב -יפו,11,13,13,9,19,0,0,19.8237,0.535889,1.36552,19498.08771,1,מפוזר,מפוזר,חזית מסחרית,ברחוב,0,1981465.8,6.296987,16
צפון יפו,יציאה מהחומות,136,תל אביב -יפו,12,18,18,11,19,1,0,5.90211,0.357025,2.11936,13483.90327,1,מפוזר,מפוזר,חזית מסחרית,ברחוב,0,2109854.8,6.324253,14.142857
שפירא,יציאה מהחומות,145,תל אביב -יפו,7,17,17,16,18,0,0,9.7558,0.260625,0.333974,9072.068526,1,מפוזר,מפוזר,חזית מסחרית,ברחוב,1,1071312.6,6.029916,4.714286
כרם התימנים,יציאה מהחומות,106,תל אביב -יפו,12,12,12,4,20,1,0,13.0902,0.333731,0.835824,12808.37566,1,מפוזר,מפוזר,חזית מסחרית,ציבורית/ ברחוב,1,4821291.5,6.683163,17.625
נוה צדק,יציאה מהחומות,120,תל אביב -יפו,13,15,15,10,20,1,0,4.27257,0.261577,3.64519,12997.04356,1,מפוזר,מרכזי,חזית מסחרית,ציבורית/ ברחוב,0,5361313.5,6.729271,19.3
עג'מי וגבעת עליה,יציאה מהחומות,127,תל אביב -יפו,10,26,26,17,23,1,0,4.81654,0.182294,0.266128,8861.987243,2,מפוזר,מפוזר,ללא,ציבורית/ ברחוב,0,2535812.8,6.404117,13.571429
השומר,מושבה,56,ראשון לציון,12,47,47,6,16,0,0,29.2021,0.223147,0.1057,10641.75093,2,מפוזר,מפוזר,חזית מסחרית,בקומת הקרקע/ ברחוב,1,1247226,6.095945,6.6
מרכז,מושבה,33,הרצלייה,14,30,30,1,8,0,0,12.8089,0.224149,0.345046,8804.905588,1,מפוזר,מפוזר,חזית מסחרית,בקומת הקרקע/ ברחוב,1,1777660.2,6.249849,14.4
רמבם,מושבה,78,ראשון לציון,11,35,35,4,15,0,0,22.9176,0.237472,0.295184,9475.150637,1,מפוזר,מפוזר,חזית מסחרית,בקומת הקרקע/ ברחוב,0,1255523.8,6.098825,7.6
נחלת יהודה,מושבה,69,ראשון לציון,9,32,32,8,9,0,0,1.86345,0.061871,0.308031,4045.490274,2,מפוזר,מפוזר,ללא,פרטית/ ברחוב,0,1914782.9,6.28212,14.125
ראשונים,מושבה,76,ראשון לציון,12,40,40,4,12,0,0,12.5653,0.241897,0.221876,6680.576999,1,מרכזי,מפוזר,ללא,פרטית/ ברחוב,1,1267077.5,6.102803,9.777778
'רובע ט,מתחם,179,אשדוד,10,62,62,8,8,0,0,13.2153,0.159035,0.067265,5995.055434,2,מרכזי,מרכזי,מרכז מסחרי,בקומת הקרקע/ ברחוב,1,1188744,6.075088,5
'רובע יא,מתחם,183,אשדוד,12,66,66,6,4,1,0,14.6304,0.164163,0.10275,7124.149366,2,מרכזי,מרכזי,מרכז מסחרי,בקומת הקרקע/ ברחוב,0,1126867.2,6.051873,7.166667
'רובע יב,מתחם,184,אשדוד,12,66,66,7,5,0,0,19.2276,0.160688,0.13345,7607.652005,3,מרכזי,מרכזי,מרכז מסחרי,בקומת הקרקע/ ברחוב,1,1379289.4,6.139655,9.8
'רובע יג,מתחם,185,אשדוד,10,66,66,9,6,0,0,13.477,0.121594,0.176981,6653.379935,2,מפוזר,מרכזי,מרכז מסחרי,בקומת הקרקע/ ברחוב,0,1078517.4,6.032827,5.571429
אבני חן,מתחם,42,מודיעין-מכבים-רעות*,15,51,51,5,11,0,1,8.6578,0.173387,0.091543,4498.683963,1,מפוזר,מרכזי,חזית מסחרית,בקומת הקרקע/ ברחוב,1,1664182.2,6.221201,12.714286
הנביאים,מתחם,45,מודיעין-מכבים-רעות*,14,44,44,5,13,0,0,11.1056,0.154157,0.092833,7743.476245,1,מפוזר,מרכזי,מרכז מסחרי,בקומת הקרקע/ ברחוב,1,1424102.5,6.153541,9.666667
הפרחים,מתחם,47,מודיעין-מכבים-רעות*,14,44,44,7,14,0,0,14.2847,0.20581,0.225149,6975.339713,1,מפוזר,מפוזר,ללא,בקומת הקרקע/ ברחוב,1,1406051.5,6.148001,8.375
מער,מתחם,189,אשדוד,12,64,64,4,2,1,0,1.79568,0.084179,5.42973,15756.60093,2,מרכזי,ממרכזי,קניון,בקומת הקרקע/ ברחוב,1,1526487.9,6.183693,11.666667
מרינה,מתחם,190,אשדוד,12,62,62,3,4,1,0,1.62475,0.035019,0.270154,3451.718959,2,מפוזר,מרכזי,ללא,בקומת הקרקע/ ברחוב,1,1902748.5,6.279381,15.5
נאות אשלים,מתחם,62,ראשון לציון,13,41,41,10,9,0,0,20.7615,0.148096,0.034237,6915.330221,3,מפוזר,מרכזי,מרכז מסחרי,בקומת הקרקע/ ברחוב,1,1646087.1,6.216453,13.2
נאות שקמה,מתחם,63,ראשון לציון,13,39,39,10,4,0,1,12.0579,0.130413,0.067574,7980.941619,1,מפוזר,מרכזי,קניון,בקומת הקרקע/ ברחוב,1,1609655.2,6.206733,13.428571
נוה זאב,מתחם,161,באר שבע,11,95,7,7,9,0,0,15.4638,0.137093,0.043714,4469.030397,2,מפוזר,מפוזר,מרכז מסחרי,בקומת הקרקע/ ברחוב,1,866593,5.937815,3
נעורים,מתחם,70,ראשון לציון,14,35,35,9,14,0,0,15.7802,0.131241,0.053845,5307.388043,2,מרכזי,מרכזי,ללא,בקומת הקרקע/ ברחוב,1,1448386.2,6.160884,10.6
קרית גנים,מתחם,72,ראשון לציון,13,41,41,10,9,0,0,11.7607,0.13521,0.109413,6487.921874,2,מפוזר,מפוזר,מרכז מסחרי,בקומת הקרקע/ ברחוב,1,1567532.4,6.195217,11
קרית כרמים,מתחם,74,ראשון לציון,13,43,43,9,6,0,1,18.6841,0.181155,0.113317,6123.349719,3,מפוזר,מפוזר,מרכז מסחרי,בקומת הקרקע/ ברחוב,1,1482336.9,6.170947,11.2
רוסע סיטי,מתחם,193,אשדוד,11,60,60,6,3,0,0,21.9379,0.144263,0.233313,7267.299523,2,מפוזר,מרכזי,חזית מסחרית,בקומת הקרקע/ ברחוב,1,1424857.4,6.153771,10.4
השבטים,מתחם,49,מודיעין-מכבים-רעות*,16,50,50,6,11,0,0,6.70578,0.163609,0.113893,3997.645995,2,מפוזר,מפוזר,ללא,פרטית/ ברחוב,1,1678072.2,6.224811,12.4
נווה הדרים,מתחם,65,ראשון לציון,14,37,37,7,16,0,0,14.3941,0.176198,0.119466,10546.46425,2,מפוזר,מרכזי,מרכז מסחרי,פרטית/ ברחוב,0,1593026.4,6.202223,11
נווה חוף,מתחם,67,ראשון לציון,12,37,37,12,9,1,0,12.8082,0.175217,0.103422,4989.360341,2,מפוזר,מפוזר,מרכז מסחרי,פרטית/ ברחוב,1,1586698.6,6.200494,11.666667
קרית חתני פרס נובל,מתחם,73,ראשון לציון,14,39,39,11,7,0,0,3.0313,0.12951,0.109614,5943.149454,3,מרכזי,מרכזי,ללא,פרטית/ ברחוב,1,1932421.5,6.286102,15.6
תל_ברוך,מתחם,148,תל אביב -יפו,20,18,18,15,10,0,0,8.49179,0.183284,0.418335,7670.856234,2,מפוזר,מרכזי,מרכז מסחרי,פרטית/ ברחוב,1,2854018.8,6.455457,18.625
'רובע י,מתחם,182,אשדוד,10,64,64,8,5,0,0,13.0367,0.158569,0.100465,9165.747251,2,מפוזר,מפוזר,מרכז מסחרי,ציבורית/ ברחוב,1,1037737.8,6.016088,5.625
שכונה יא' מערב,מתחם,170,באר שבע,8,89,10,9,12,0,0,11.1165,0.139678,0.163675,6524.943061,2,מרכזי,מרכזי,קניון,ציבורית/ ברחוב,1,596730.2,5.775778,1
הכרמים,מתחם,43,מודיעין-מכבים-רעות*,13,50,50,6,14,0,0,6.3207,0.166313,0.102274,7089.823293,2,מפוזר,מפוזר,מרכז מסחרי,תת קרקעית/ ברחוב,1,1490488.9,6.173329,9.8
המגינים,מתחם,44,מודיעין-מכבים-רעות*,13,49,49,4,10,0,0,12.8251,0.186287,0.16334,6582.804542,1,מפוזר,מרכזי,קניון,תת קרקעית/ ברחוב,1,1539149.5,6.187281,11.25
המשתלה,מתחם,93,תל אביב -יפו,19,22,22,17,9,0,0,8.72243,0.164506,0.187071,9452.649543,1,מרכזי,מרכזי,ללא,תת קרקעית/ ברחוב,1,2759534,6.440836,18.25
הנחלים,מתחם,46,מודיעין-מכבים-רעות*,14,47,47,3,10,0,0,9.95987,0.154409,0.259466,7447.220529,1,מפוזר,מפוזר,מרכז מסחרי,תת קרקעית/ ברחוב,1,1534875.2,6.186073,10.625
כוכב הצפון,מתחם,104,תל אביב -יפו,19,15,15,12,11,0,1,7.35879,0.107549,0.246767,3434.248293,2,מרכזי,מרכזי,מרכז מסחרי,תת קרקעית/ ברחוב,1,3523303,6.54695,19.2
משואה,מתחם,52,מודיעין-מכבים-רעות*,14,51,51,5,10,0,1,10.6651,0.163958,0.18739,6500.825917,2,מפוזר,מרכזי,ללא,תת קרקעית/ ברחוב,1,1433148.5,6.156291,8.714286
קרית אילון,מתחם,15,חולון,14,36,36,9,7,0,0,12.7664,0.116045,0.242773,10279.74259,3,מרכזי,מרכזי,קניון,תת קרקעית/ ברחוב,1,1859629.8,6.269426,14
קרית רבין,מתחם,19,חולון,13,38,38,8,6,0,0,12.6276,0.141116,0.191265,14571.41232,1,מרכזי,מרכזי,מרכז מסחרי,תת קרקעית/ ברחוב,1,1731307.9,6.238374,13.75
רמת אביב החדשה והגוש הגדול,מתחם,141,תל אביב -יפו,19,18,18,16,14,0,0,8.65611,0.137102,0.230569,4747.162664,1,מרכזי,מפוזר,מרכז מסחרי,תת קרקעית/ ברחוב,1,3021376.2,6.480205,18.5
'אברמוביץ,עיר גנים,54,ראשון לציון,12,36,36,6,12,0,0,22.1702,0.278845,0.472746,11715.47262,1,מפוזר,מפוזר,חזית מסחרית,בקומת הקרקע/ ברחוב,0,1307514.4,6.116446,8.833333
בבלי,עיר גנים,87,תל אביב -יפו,18,11,11,12,10,0,1,14.2148,0.149796,0.159209,7132.085031,1,מפוזר,מפוזר,מרכז מסחרי,בקומת הקרקע/ ברחוב,1,2772717.5,6.442906,17.8
כצנלסון,עיר גנים,57,ראשון לציון,14,42,42,4,10,0,1,13.13,0.223793,0.252428,9177.102685,1,מפוזר,מפוזר,חזית מסחרית,בקומת הקרקע/ ברחוב,1,1345080.2,6.128748,11.777778
נוה רמז,עיר גנים,14,חולון,12,37,37,9,9,0,0,25.1499,0.252791,0.076536,6845.376591,1,מרכזי,מפוזר,מרכז מסחרי,בקומת הקרקע/ ברחוב,0,1484940,6.171709,10
נחלת יצחק,עיר גנים,124,תל אביב -יפו,14,8,8,11,13,0,0,13.4912,0.289545,1.81571,5799.409149,1,מפוזר,מפוזר,חזית מסחרית,בקומת הקרקע/ ברחוב,1,2195564,6.341546,16.25
קרית שרת,עיר גנים,20,חולון,11,31,31,11,11,0,0,26.7837,0.213875,0.110383,6653.813847,2,מרכזי,מרכזי,מרכז מסחרי,בקומת הקרקע/ ברחוב,1,1315547.2,6.119106,7.8
רמז,עיר גנים,79,ראשון לציון,12,40,40,3,12,0,0,22.9617,0.2629,0.136492,6870.4992,2,מפוזר,מפוזר,חזית מסחרית,בקומת הקרקע/ ברחוב,1,1291815.4,6.1112,10
אגרובנק,עיר גנים,6,חולון,12,24,24,5,15,0,0,22.3776,0.30354,0.272603,7823.750712,1,מפוזר,מפוזר,חזית מסחרית,ברחוב,0,1518056.1,6.181288,11
גרין,עיר גנים,7,חולון,9,26,26,4,13,0,0,21.5088,0.285253,0.080047,9843.631635,2,מפוזר,מפוזר,חזית מסחרית,ברחוב,0,1311132.5,6.117647,8.833333
הצפון החדש החלק הדרומי,עיר גנים,94,תל אביב -יפו,16,7,7,7,16,0,0,12.4795,0.306327,1.73968,8166.965395,2,מרכזי,מפוזר,חזית מסחרית,ברחוב,0,4642206.5,6.666724,19.6
הצפון החדש החלק הצפוני,עיר גנים,95,תל אביב -יפו,17,12,12,12,10,0,1,14.5528,0.216749,0.375749,10952.72021,1,מפוזר,מפוזר,חזית מסחרית,ברחוב,1,2852623.8,6.455245,18.888889
הצפון הישן החלק הדרומי,עיר גנים,97,תל אביב -יפו,14,12,12,5,18,1,0,21.3163,0.316866,0.895379,11169.30824,1,מפוזר,מפוזר,חזית מסחרית,ברחוב,1,3282117,6.516154,18.142857
הצפון הישן החלק הצפוני,עיר גנים,98,תל אביב -יפו,15,11,11,6,14,1,1,17.3606,0.264632,0.801317,9443.723323,1,מפוזר,מפוזר,חזית מסחרית,ברחוב,1,3420157.8,6.534046,18.625
לב תל אביב,עיר גנים,107,תל אביב -יפו,14,9,9,3,19,1,0,16.0906,0.327251,2.22488,11943.36696,1,מפוזר,מפוזר,חזית מסחרית,ברחוב,1,3601912.8,6.556533,18.75
קרית עבודה,עיר גנים,18,חולון,11,28,28,5,10,0,0,18.8864,0.275514,0.275482,8552.617952,1,מפוזר,מרכזי,חזית מסחרית,ברחוב,0,1338796.4,6.126715,9.6
שכונת עם,עיר גנים,25,חולון,11,35,35,1,12,0,0,19.136,0.2769,0.115504,10781.41683,1,מרכזי,מרכזי,חזית מסחרית,ברחוב,0,1346844.6,6.129317,9.333333
הצפון החדש סביבת ככר המדינה,עיר גנים,96,תל אביב -יפו,18,10,10,10,13,0,0,13.4587,0.219155,0.775906,9422.638188,1,מפוזר,מפוזר,חזית מסחרית,פרטית/ ברחוב,1,3398721.5,6.531316,19.285714
גני שרונה,עיר גנים,91,תל אביב -יפו,15,9,9,6,7,0,0,2.93698,0.208873,20.8561,16901.65081,1,מפוזר,מפוזר,חזית מסחרית,ציבורית/ ברחוב,1,2902981.2,6.462844,18.75
נוה שאנן,עיר גנים,121,תל אביב -יפו,8,11,11,9,16,0,0,6.33884,0.308382,3.28969,12539.43555,1,מרכזי,מרכזי,חזית מסחרית,ציבורית/ ברחוב,1,1154247.2,6.062299,7.333333
רסקו,שכונת פועלים ועובדים,166,באר שבע,12,93,4,5,7,0,0,6.96729,0.151718,1.74283,10389.27749,1,מרכזי,מרכזי,ללא,אחר,0,749375,5.874699,2.5
רסקו ב',שכונת פועלים ועובדים,4,חולון,12,29,29,9,13,0,0,21.779,0.250946,0.118221,8788.657,1,מפוזר,מפוזר,חזית מסחרית,בקומת הקרקע/ ברחוב,0,1438149.9,6.157804,10.666667
תל גיבורים,שכונת פועלים ועובדים,26,חולון,9,25,25,4,13,0,0,11.7717,0.190929,0.280724,7318.540319,2,מפוזר,מפוזר,חזית מסחרית,בקומת הקרקע/ ברחוב,0,1388936.8,6.142682,7
'רסקו א,שכונת פועלים ועובדים,160,חולון,12,25,25,6,12,0,0,18.191,0.287339,0.166463,8487.135877,1,מפוזר,מפוזר,חזית מסחרית,ברחוב,0,1471506.4,6.167762,11.5
ביצרון ורמת ישראל,שכונת פועלים ועובדים,88,תל אביב -יפו,12,10,10,12,15,0,0,7.15742,0.28396,3.3012,6335.221378,1,מפוזר,מרכזי,חזית מסחרית,ברחוב,1,2155877.2,6.333624,13.875
המפדה האזרחי,שכונת פועלים ועובדים,8,חולון,13,25,25,8,15,0,0,8.36835,0.232736,0.308744,8419.248533,3,מרכזי,מפוזר,ללא,ברחוב,0,1254006.8,6.0983,10
התקוה,שכונת פועלים ועובדים,99,תל אביב -יפו,7,15,15,15,16,0,0,12.8891,0.303813,0.264948,12527.40585,1,מפוזר,מפוזר,חזיתות מסחריות/ שוק,ברחוב,0,1036912.5,6.015742,2.7
קרית שלום,שכונת פועלים ועובדים,138,תל אביב -יפו,7,18,18,15,17,0,0,11.2349,0.197906,0.223,7903.016184,3,מרכזי,מרכזי,מרכז מסחרי,ברחוב,0,1508680.6,6.178597,7.444444
שיכון דרום,שכונת פועלים ועובדים,167,באר שבע,10,95,6,6,8,0,0,8.15529,0.190284,0.186611,9078.887612,1,מפוזר,מפוזר,ללא,ברחוב,0,853857.44,5.931385,3
'הרצליה ב,שכונת פועלים ועובדים,27,הרצלייה,17,19,19,13,5,0,0,2.75754,0.130378,0.526133,4704.881238,2,מפוזר,מפוזר,ללא,פרטית/ ברחוב,0,2245830,6.351377,16.444444
אפקה,שכונת פועלים ועובדים,86,תל אביב -יפו,19,16,16,13,11,0,0,4.30458,0.161224,0.294824,7022.796591,2,מפוזר,מפוזר,ללא,פרטית/ ברחוב,0,2835646.2,6.452652,18.5
גני צהלה רמות צהלה,שכונת פועלים ועובדים,90,תל אביב -יפו,19,16,16,17,10,0,0,9.21184,0.217082,0.354868,8784.73304,3,מפוזר,מפוזר,מרכז מסחרי,פרטית/ ברחוב,1,2307825.5,6.363203,17.125
הרצליה הצעירה,שכונת פועלים ועובדים,30,הרצלייה,16,34,34,4,9,0,0,9.91481,0.219104,0.185599,9043.593335,3,מפוזר,מפוזר,ללא,פרטית/ ברחוב,0,1846661.5,6.266387,14.555556
הרצליה פיתוח,שכונת פועלים ועובדים,31,הרצלייה,18,22,22,12,5,1,0,2.68731,0.185347,0.864093,5892.033095,1,מפוזר,מפוזר,מרכז מסחרי,פרטית/ ברחוב,1,5527981.5,6.742567,20
מעוז_אביב,שכונת פועלים ועובדים,111,תל אביב -יפו,17,16,16,15,7,0,0,4.29282,0.124808,0.273933,4328.882756,1,מרכזי,מרכזי,מרכז מסחרי,פרטית/ ברחוב,1,2156690,6.333788,17.6
נאות ארזים,שכונת פועלים ועובדים,11,חולון,10,27,27,9,16,0,0,7.54394,0.216079,0.183344,7626.306729,3,מפוזר,מפוזר,מרכז מסחרי,פרטית/ ברחוב,0,1670529.4,6.222854,9
נוה דן,שכונת פועלים ועובדים,117,תל אביב -יפו,19,19,19,17,7,0,0,6.1641,0.197325,0.4193,8704.395818,1,מרכזי,מרכזי,ללא,פרטית/ ברחוב,1,2604591.8,6.41574,17.5
נוה ישראל,שכונת פועלים ועובדים,35,הרצלייה,14,31,31,5,8,0,0,9.64181,0.200844,0.316362,6684.434415,2,מפוזר,מפוזר,מרכז מסחרי,פרטית/ ברחוב,0,1749561.5,6.242929,13
נוה נוי,שכונת פועלים ועובדים,163,באר שבע,12,97,7,8,8,0,0,3.54694,0.154325,0.119483,3661.453116,2,מרכזי,מרכזי,ללא,פרטית/ ברחוב,1,0,#NULL!,3.333333
נוה עובד,שכונת פועלים ועובדים,36,הרצלייה,17,32,32,4,10,0,0,10.2357,0.219157,0.152569,10222.99871,2,מפוזר,מפוזר,ללא,פרטית/ ברחוב,1,1798319.1,6.254867,14.166667
נוה עמל,שכונת פועלים ועובדים,37,הרצלייה,12,37,37,5,13,0,0,5.89623,0.204536,0.199154,5797.850877,2,מפוזר,מרכזי,מרכז מסחרי,פרטית/ ברחוב,1,1528209.6,6.184183,13.875
"נחלת עדה, גן רשל",שכונת פועלים ועובדים,38,הרצלייה,15,32,32,7,10,0,0,4.40544,0.142602,0.356407,4826.741852,1,מרכזי,מרכזי,מרכז מסחרי,פרטית/ ברחוב,0,1553923.9,6.19143,13.857143
צהלה,שכונת פועלים ועובדים,133,תל אביב -יפו,18,22,22,19,5,0,0,3.41229,0.194213,0.533947,6733.669603,2,מרכזי,מרכזי,ללא,פרטית/ ברחוב,1,0,#NULL!,19.5
רמת החייל,שכונת פועלים ועובדים,142,תל אביב -יפו,15,21,21,19,5,0,0,5.10457,0.182254,1.69065,6728.973094,1,מפוזר,מפוזר,ללא,פרטית/ ברחוב,1,2095806,6.321351,17.375
רסקו ג',שכונת פועלים ועובדים,5,חולון,12,28,28,9,13,0,0,10.9414,0.290737,0.447352,10929.66833,1,מרכזי,מפוזר,חזית מסחרית,פרטית/ ברחוב,0,1209099.4,6.082462,7.625
שיכון ותיקים,שכונת פועלים ועובדים,22,חולון,11,36,36,7,8,0,0,13.7534,0.269499,0.131347,7037.341638,1,מרכזי,מרכזי,ללא,פרטית/ ברחוב,0,1101734.1,6.042077,8.428571
שיכון חדש,שכונת פועלים ועובדים,23,חולון,11,34,34,7,8,0,0,13.7683,0.290817,0.161028,9450.860693,1,מרכזי,מרכזי,ללא,פרטית/ ברחוב,0,1242913.5,6.094441,8.375
שיכוני המזרח,שכונת פועלים ועובדים,81,ראשון לציון,11,38,38,9,16,0,0,6.00983,0.198894,0.148214,5833.934022,1,מפוזר,מפוזר,קניון,פרטית/ ברחוב,0,1268987,6.103457,7.888889
תל חיים,שכונת פועלים ועובדים,147,תל אביב -יפו,13,12,12,12,17,0,0,15.9054,0.211486,0.106525,6397.066077,1,מרכזי,מרכזי,ללא,פרטית/ ברחוב,1,1655519.8,6.218934,13
'שכונה א,שכונת פועלים ועובדים,149,באר שבע,9,95,5,4,7,0,0,9.40063,0.192003,0.230963,5449.081286,2,מפוזר,מפוזר,ללא,ציבורית/ ברחוב,1,695974.5,5.842593,1.428571
'שכונה ג',שכונת פועלים ועובדים,151,באר שבע,9,92,4,3,6,0,0,7.87299,0.165485,0.322332,5289.311571,3,מפוזר,מפוזר,מרכז מסחרי,ציבורית/ ברחוב,0,495078.8,5.694674,1
הדר יוסף,שכונת פועלים ועובדים,92,תל אביב -יפו,15,19,19,17,6,0,1,6.94972,0.135759,0.233858,5088.690221,2,מרכזי,מפוזר,מרכז מסחרי,ציבורית/ ברחוב,0,1829320.8,6.26229,16.222222
עזרא והארגזים פארק דרום,שכונת פועלים ועובדים,128,תל אביב -יפו,6,19,19,12,15,0,0,4.19272,0.227037,0.42236,6361.48974,2,מרכזי,מרכזי,ללא,ציבורית/ ברחוב,0,1442966,6.159256,5.75
רמת אביב,שכונת פועלים ועובדים,140,תל אביב -יפו,16,18,18,14,12,0,0,9.6301,0.188245,1.11317,6174.948167,3,מרכזי,מרכזי,קניון,ציבורית/ ברחוב,1,2594634,6.414076,17.625
רמת הטייסים,שכונת פועלים ועובדים,143,תל אביב -יפו,13,18,18,16,18,0,0,5.86691,0.095544,0.187857,9385.595417,1,מפוזר,מרכזי,ללא,ציבורית/ ברחוב,1,1320837.9,6.12085,10.333333
רביבים,שכונת פועלים ועובדים,139,תל אביב -יפו,19,19,19,16,6,0,0,10.5072,0.211796,0.3882,10824.03844,1,מפוזר,מרכזי,ללא,תת קרקעית/ ברחוב,1,2855123.2,6.455625,16.571429
'רובע ה,לא מוגדר/ מעורב,175,אשדוד,10,62,62,3,5,0,1,17.9142,0.150701,0.221668,5937.308954,3,מפוזר,מפוזר,קניון,בקומת הקרקע/ ברחוב,1,1040006.94,6.017036,4.142857
הרצליה הירוקה,לא מוגדר/ מעורב,29,הרצלייה,19,33,33,5,10,0,0,7.0561,0.129161,0.150128,10897.35788,3,מרכזי,מרכזי,ללא,בקומת הקרקע/ ברחוב,0,2565377.8,6.409151,15.857143
נוה ברבור כפר שלם מערב,לא מוגדר/ מעורב,116,תל אביב -יפו,10,15,15,13,17,0,0,21.6785,0.197303,0.097889,9883.249398,2,מרכזי,מרכזי,ללא,בקומת הקרקע/ ברחוב,1,1167936.6,6.067419,6.333333
יפו העתיקה נמל יפו,עיר עתיקה,103,תל אביב -יפו,13,21,21,12,23,1,0,2.66736,0.235637,2.71126,16333.68076,2,מפוזר,מרכזי,חזית מסחרית,ציבורית/ ברחוב,0,0,#NULL!,20
מרכז אזרחי,מרכז ציבורי,159,באר שבע,9,90,1,1,4,0,0,1.88212,0.177907,10.9805,10851.431,1,מפוזר,מפוזר,קניון,ציבורית/ ברחוב,0,846195.7,5.927471,2.333333
